{"accuracy": 0.9467462565211606, "precision": 0.022280661195237545, "recall": 0.9387175324675324, "f1_score": 0.0435281719296925, "roc_auc": 0.9891228901823075, "pr_auc": 0.5452063008746113}