{"accuracy": 0.999676234004231, "precision": 0.9647532729103726, "recall": 0.7775974025974026, "f1_score": 0.861123595505618}