{"accuracy": 0.998061071277765, "precision": 0.3985566672133836, "recall": 0.9862012987012987, "f1_score": 0.5676906903399136}